{
  "name": "Sportsbook Codespaces Dev",
  "build": {
    "dockerfile": "Dockerfile"
  },
  "remoteUser": "vscode",
  "features": {
    "ghcr.io/devcontainers/features/git:1": {},
    "ghcr.io/devcontainers/features/common-utils:2": {},
    "ghcr.io/devcontainers/features/node:1": {
      "version": "lts"
    },
    "ghcr.io/devcontainers/features/python:1": {
      "version": "3.11"
    },
    "ghcr.io/devcontainers/features/go:1": {
      "version": "1.22"
    },
    "ghcr.io/devcontainers/features/dotnet:2": {
      "version": "8.0"
    }
  },
  "postCreateCommand": "bash .devcontainer/postCreate.sh",
  "customizations": {
    "vscode": {
      "extensions": [
        "golang.go",
        "ms-python.python",
        "ms-dotnettools.csharp",
        "dbaeumer.vscode-eslint",
        "esbenp.prettier-vscode",
        "eamodio.gitlens",
        "hashicorp.terraform",
        "ms-azuretools.vscode-docker",
        "redhat.vscode-yaml",
        "ms-kubernetes-tools.vscode-kubernetes-tools",
        "Grafana.vscode-grafana",
        "github.vscode-github-actions"
      ],
      "settings": {
        "editor.formatOnSave": true
      }
    }
  },
  "forwardPorts": [
    8080,
    9090,
    3000,
    3100,
    3200,
    4317,
    4318
  ]
}